metric_name,timestamp,metric_value,check,error,error_code,expected_response,group,method,name,proto,scenario,service,status,subproto,tls_version,url,extra_tags,metadata
http_reqs,1752977283,1.000000,,,,true,,GET,http://localhost:3000/ping,HTTP/1.1,default,,200,,,http://localhost:3000/ping,,
http_req_duration,1752977283,2.029169,,,,true,,GET,http://localhost:3000/ping,HTTP/1.1,default,,200,,,http://localhost:3000/ping,,
http_req_blocked,1752977283,0.339453,,,,true,,GET,http://localhost:3000/ping,HTTP/1.1,default,,200,,,http://localhost:3000/ping,,
http_req_connecting,1752977283,0.277649,,,,true,,GET,http://localhost:3000/ping,HTTP/1.1,default,,200,,,http://localhost:3000/ping,,
http_req_tls_handshaking,1752977283,0.000000,,,,true,,GET,http://localhost:3000/ping,HTTP/1.1,default,,200,,,http://localhost:3000/ping,,
http_req_sending,1752977283,0.085299,,,,true,,GET,http://localhost:3000/ping,HTTP/1.1,default,,200,,,http://localhost:3000/ping,,
http_req_waiting,1752977283,1.817192,,,,true,,GET,http://localhost:3000/ping,HTTP/1.1,default,,200,,,http://localhost:3000/ping,,
http_req_receiving,1752977283,0.126678,,,,true,,GET,http://localhost:3000/ping,HTTP/1.1,default,,200,,,http://localhost:3000/ping,,
http_req_failed,1752977283,0.000000,,,,true,,GET,http://localhost:3000/ping,HTTP/1.1,default,,200,,,http://localhost:3000/ping,,
checks,1752977283,1.000000,status is 200,,,,,,,,default,,,,,,,
http_reqs,1752977283,1.000000,,,,true,,GET,http://localhost:3000/ping,HTTP/1.1,default,,200,,,http://localhost:3000/ping,,
http_req_duration,1752977283,2.621512,,,,true,,GET,http://localhost:3000/ping,HTTP/1.1,default,,200,,,http://localhost:3000/ping,,
http_req_blocked,1752977283,0.301543,,,,true,,GET,http://localhost:3000/ping,HTTP/1.1,default,,200,,,http://localhost:3000/ping,,
http_req_connecting,1752977283,0.214908,,,,true,,GET,http://localhost:3000/ping,HTTP/1.1,default,,200,,,http://localhost:3000/ping,,
http_req_tls_handshaking,1752977283,0.000000,,,,true,,GET,http://localhost:3000/ping,HTTP/1.1,default,,200,,,http://localhost:3000/ping,,
http_req_sending,1752977283,0.078808,,,,true,,GET,http://localhost:3000/ping,HTTP/1.1,default,,200,,,http://localhost:3000/ping,,
http_req_waiting,1752977283,2.451612,,,,true,,GET,http://localhost:3000/ping,HTTP/1.1,default,,200,,,http://localhost:3000/ping,,
http_req_receiving,1752977283,0.091092,,,,true,,GET,http://localhost:3000/ping,HTTP/1.1,default,,200,,,http://localhost:3000/ping,,
http_req_failed,1752977283,0.000000,,,,true,,GET,http://localhost:3000/ping,HTTP/1.1,default,,200,,,http://localhost:3000/ping,,
checks,1752977283,1.000000,status is 200,,,,,,,,default,,,,,,,
http_reqs,1752977283,1.000000,,,,true,,GET,http://localhost:3000/ping,HTTP/1.1,default,,200,,,http://localhost:3000/ping,,
http_req_duration,1752977283,3.228510,,,,true,,GET,http://localhost:3000/ping,HTTP/1.1,default,,200,,,http://localhost:3000/ping,,
http_req_blocked,1752977283,0.281461,,,,true,,GET,http://localhost:3000/ping,HTTP/1.1,default,,200,,,http://localhost:3000/ping,,
http_req_connecting,1752977283,0.232694,,,,true,,GET,http://localhost:3000/ping,HTTP/1.1,default,,200,,,http://localhost:3000/ping,,
http_req_tls_handshaking,1752977283,0.000000,,,,true,,GET,http://localhost:3000/ping,HTTP/1.1,default,,200,,,http://localhost:3000/ping,,
http_req_sending,1752977283,0.164526,,,,true,,GET,http://localhost:3000/ping,HTTP/1.1,default,,200,,,http://localhost:3000/ping,,
http_req_waiting,1752977283,2.966240,,,,true,,GET,http://localhost:3000/ping,HTTP/1.1,default,,200,,,http://localhost:3000/ping,,
http_req_receiving,1752977283,0.097744,,,,true,,GET,http://localhost:3000/ping,HTTP/1.1,default,,200,,,http://localhost:3000/ping,,
http_req_failed,1752977283,0.000000,,,,true,,GET,http://localhost:3000/ping,HTTP/1.1,default,,200,,,http://localhost:3000/ping,,
checks,1752977283,1.000000,status is 200,,,,,,,,default,,,,,,,
http_reqs,1752977283,1.000000,,,,true,,GET,http://localhost:3000/ping,HTTP/1.1,default,,200,,,http://localhost:3000/ping,,
http_req_duration,1752977283,3.596756,,,,true,,GET,http://localhost:3000/ping,HTTP/1.1,default,,200,,,http://localhost:3000/ping,,
http_req_blocked,1752977283,0.350286,,,,true,,GET,http://localhost:3000/ping,HTTP/1.1,default,,200,,,http://localhost:3000/ping,,
http_req_connecting,1752977283,0.185493,,,,true,,GET,http://localhost:3000/ping,HTTP/1.1,default,,200,,,http://localhost:3000/ping,,
http_req_tls_handshaking,1752977283,0.000000,,,,true,,GET,http://localhost:3000/ping,HTTP/1.1,default,,200,,,http://localhost:3000/ping,,
http_req_sending,1752977283,0.082433,,,,true,,GET,http://localhost:3000/ping,HTTP/1.1,default,,200,,,http://localhost:3000/ping,,
http_req_waiting,1752977283,3.463003,,,,true,,GET,http://localhost:3000/ping,HTTP/1.1,default,,200,,,http://localhost:3000/ping,,
http_req_receiving,1752977283,0.051320,,,,true,,GET,http://localhost:3000/ping,HTTP/1.1,default,,200,,,http://localhost:3000/ping,,
http_req_failed,1752977283,0.000000,,,,true,,GET,http://localhost:3000/ping,HTTP/1.1,default,,200,,,http://localhost:3000/ping,,
checks,1752977283,1.000000,status is 200,,,,,,,,default,,,,,,,
http_reqs,1752977283,1.000000,,,,true,,GET,http://localhost:3000/ping,HTTP/1.1,default,,200,,,http://localhost:3000/ping,,
http_req_duration,1752977283,3.997483,,,,true,,GET,http://localhost:3000/ping,HTTP/1.1,default,,200,,,http://localhost:3000/ping,,
http_req_blocked,1752977283,0.303838,,,,true,,GET,http://localhost:3000/ping,HTTP/1.1,default,,200,,,http://localhost:3000/ping,,
http_req_connecting,1752977283,0.187697,,,,true,,GET,http://localhost:3000/ping,HTTP/1.1,default,,200,,,http://localhost:3000/ping,,
http_req_tls_handshaking,1752977283,0.000000,,,,true,,GET,http://localhost:3000/ping,HTTP/1.1,default,,200,,,http://localhost:3000/ping,,
http_req_sending,1752977283,0.129439,,,,true,,GET,http://localhost:3000/ping,HTTP/1.1,default,,200,,,http://localhost:3000/ping,,
http_req_waiting,1752977283,3.802714,,,,true,,GET,http://localhost:3000/ping,HTTP/1.1,default,,200,,,http://localhost:3000/ping,,
http_req_receiving,1752977283,0.065330,,,,true,,GET,http://localhost:3000/ping,HTTP/1.1,default,,200,,,http://localhost:3000/ping,,
http_req_failed,1752977283,0.000000,,,,true,,GET,http://localhost:3000/ping,HTTP/1.1,default,,200,,,http://localhost:3000/ping,,
checks,1752977283,1.000000,status is 200,,,,,,,,default,,,,,,,
http_reqs,1752977283,1.000000,,,,true,,GET,http://localhost:3000/ping,HTTP/1.1,default,,200,,,http://localhost:3000/ping,,
http_req_duration,1752977283,4.367349,,,,true,,GET,http://localhost:3000/ping,HTTP/1.1,default,,200,,,http://localhost:3000/ping,,
http_req_blocked,1752977283,0.340190,,,,true,,GET,http://localhost:3000/ping,HTTP/1.1,default,,200,,,http://localhost:3000/ping,,
http_req_connecting,1752977283,0.276100,,,,true,,GET,http://localhost:3000/ping,HTTP/1.1,default,,200,,,http://localhost:3000/ping,,
http_req_tls_handshaking,1752977283,0.000000,,,,true,,GET,http://localhost:3000/ping,HTTP/1.1,default,,200,,,http://localhost:3000/ping,,
http_req_sending,1752977283,0.078353,,,,true,,GET,http://localhost:3000/ping,HTTP/1.1,default,,200,,,http://localhost:3000/ping,,
http_req_waiting,1752977283,4.242612,,,,true,,GET,http://localhost:3000/ping,HTTP/1.1,default,,200,,,http://localhost:3000/ping,,
http_req_receiving,1752977283,0.046384,,,,true,,GET,http://localhost:3000/ping,HTTP/1.1,default,,200,,,http://localhost:3000/ping,,
http_req_failed,1752977283,0.000000,,,,true,,GET,http://localhost:3000/ping,HTTP/1.1,default,,200,,,http://localhost:3000/ping,,
checks,1752977283,1.000000,status is 200,,,,,,,,default,,,,,,,
http_reqs,1752977283,1.000000,,,,true,,GET,http://localhost:3000/ping,HTTP/1.1,default,,200,,,http://localhost:3000/ping,,
http_req_duration,1752977283,4.816119,,,,true,,GET,http://localhost:3000/ping,HTTP/1.1,default,,200,,,http://localhost:3000/ping,,
http_req_blocked,1752977283,0.328504,,,,true,,GET,http://localhost:3000/ping,HTTP/1.1,default,,200,,,http://localhost:3000/ping,,
http_req_connecting,1752977283,0.046745,,,,true,,GET,http://localhost:3000/ping,HTTP/1.1,default,,200,,,http://localhost:3000/ping,,
http_req_tls_handshaking,1752977283,0.000000,,,,true,,GET,http://localhost:3000/ping,HTTP/1.1,default,,200,,,http://localhost:3000/ping,,
http_req_sending,1752977283,0.082496,,,,true,,GET,http://localhost:3000/ping,HTTP/1.1,default,,200,,,http://localhost:3000/ping,,
http_req_waiting,1752977283,4.696510,,,,true,,GET,http://localhost:3000/ping,HTTP/1.1,default,,200,,,http://localhost:3000/ping,,
http_req_receiving,1752977283,0.037113,,,,true,,GET,http://localhost:3000/ping,HTTP/1.1,default,,200,,,http://localhost:3000/ping,,
http_req_failed,1752977283,0.000000,,,,true,,GET,http://localhost:3000/ping,HTTP/1.1,default,,200,,,http://localhost:3000/ping,,
checks,1752977283,1.000000,status is 200,,,,,,,,default,,,,,,,
http_reqs,1752977283,1.000000,,,,true,,GET,http://localhost:3000/ping,HTTP/1.1,default,,200,,,http://localhost:3000/ping,,
http_req_duration,1752977283,5.103031,,,,true,,GET,http://localhost:3000/ping,HTTP/1.1,default,,200,,,http://localhost:3000/ping,,
http_req_blocked,1752977283,0.372849,,,,true,,GET,http://localhost:3000/ping,HTTP/1.1,default,,200,,,http://localhost:3000/ping,,
http_req_connecting,1752977283,0.060111,,,,true,,GET,http://localhost:3000/ping,HTTP/1.1,default,,200,,,http://localhost:3000/ping,,
http_req_tls_handshaking,1752977283,0.000000,,,,true,,GET,http://localhost:3000/ping,HTTP/1.1,default,,200,,,http://localhost:3000/ping,,
http_req_sending,1752977283,0.068816,,,,true,,GET,http://localhost:3000/ping,HTTP/1.1,default,,200,,,http://localhost:3000/ping,,
http_req_waiting,1752977283,5.004496,,,,true,,GET,http://localhost:3000/ping,HTTP/1.1,default,,200,,,http://localhost:3000/ping,,
http_req_receiving,1752977283,0.029719,,,,true,,GET,http://localhost:3000/ping,HTTP/1.1,default,,200,,,http://localhost:3000/ping,,
http_req_failed,1752977283,0.000000,,,,true,,GET,http://localhost:3000/ping,HTTP/1.1,default,,200,,,http://localhost:3000/ping,,
checks,1752977283,1.000000,status is 200,,,,,,,,default,,,,,,,
http_reqs,1752977283,1.000000,,,,true,,GET,http://localhost:3000/ping,HTTP/1.1,default,,200,,,http://localhost:3000/ping,,
http_req_duration,1752977283,5.217834,,,,true,,GET,http://localhost:3000/ping,HTTP/1.1,default,,200,,,http://localhost:3000/ping,,
http_req_blocked,1752977283,0.111253,,,,true,,GET,http://localhost:3000/ping,HTTP/1.1,default,,200,,,http://localhost:3000/ping,,
http_req_connecting,1752977283,0.067042,,,,true,,GET,http://localhost:3000/ping,HTTP/1.1,default,,200,,,http://localhost:3000/ping,,
http_req_tls_handshaking,1752977283,0.000000,,,,true,,GET,http://localhost:3000/ping,HTTP/1.1,default,,200,,,http://localhost:3000/ping,,
http_req_sending,1752977283,0.025736,,,,true,,GET,http://localhost:3000/ping,HTTP/1.1,default,,200,,,http://localhost:3000/ping,,
http_req_waiting,1752977283,5.171206,,,,true,,GET,http://localhost:3000/ping,HTTP/1.1,default,,200,,,http://localhost:3000/ping,,
http_req_receiving,1752977283,0.020892,,,,true,,GET,http://localhost:3000/ping,HTTP/1.1,default,,200,,,http://localhost:3000/ping,,
http_req_failed,1752977283,0.000000,,,,true,,GET,http://localhost:3000/ping,HTTP/1.1,default,,200,,,http://localhost:3000/ping,,
checks,1752977283,1.000000,status is 200,,,,,,,,default,,,,,,,
http_reqs,1752977283,1.000000,,,,true,,GET,http://localhost:3000/ping,HTTP/1.1,default,,200,,,http://localhost:3000/ping,,
http_req_duration,1752977283,5.383427,,,,true,,GET,http://localhost:3000/ping,HTTP/1.1,default,,200,,,http://localhost:3000/ping,,
http_req_blocked,1752977283,0.122877,,,,true,,GET,http://localhost:3000/ping,HTTP/1.1,default,,200,,,http://localhost:3000/ping,,
http_req_connecting,1752977283,0.072958,,,,true,,GET,http://localhost:3000/ping,HTTP/1.1,default,,200,,,http://localhost:3000/ping,,
http_req_tls_handshaking,1752977283,0.000000,,,,true,,GET,http://localhost:3000/ping,HTTP/1.1,default,,200,,,http://localhost:3000/ping,,
http_req_sending,1752977283,0.037015,,,,true,,GET,http://localhost:3000/ping,HTTP/1.1,default,,200,,,http://localhost:3000/ping,,
http_req_waiting,1752977283,5.333563,,,,true,,GET,http://localhost:3000/ping,HTTP/1.1,default,,200,,,http://localhost:3000/ping,,
http_req_receiving,1752977283,0.012849,,,,true,,GET,http://localhost:3000/ping,HTTP/1.1,default,,200,,,http://localhost:3000/ping,,
http_req_failed,1752977283,0.000000,,,,true,,GET,http://localhost:3000/ping,HTTP/1.1,default,,200,,,http://localhost:3000/ping,,
checks,1752977283,1.000000,status is 200,,,,,,,,default,,,,,,,
vus,1752977284,10.000000,,,,,,,,,,,,,,,,
vus_max,1752977284,10.000000,,,,,,,,,,,,,,,,
data_sent,1752977284,74.000000,,,,,,,,,default,,,,,,,
data_received,1752977284,230.000000,,,,,,,,,default,,,,,,,
iteration_duration,1752977284,1002.781783,,,,,,,,,default,,,,,,,
iterations,1752977284,1.000000,,,,,,,,,default,,,,,,,
data_sent,1752977284,74.000000,,,,,,,,,default,,,,,,,
data_received,1752977284,230.000000,,,,,,,,,default,,,,,,,
iteration_duration,1752977284,1003.199353,,,,,,,,,default,,,,,,,
iterations,1752977284,1.000000,,,,,,,,,default,,,,,,,
data_sent,1752977284,74.000000,,,,,,,,,default,,,,,,,
data_received,1752977284,230.000000,,,,,,,,,default,,,,,,,
iteration_duration,1752977284,1004.200145,,,,,,,,,default,,,,,,,
iterations,1752977284,1.000000,,,,,,,,,default,,,,,,,
data_sent,1752977284,74.000000,,,,,,,,,default,,,,,,,
data_received,1752977284,230.000000,,,,,,,,,default,,,,,,,
iteration_duration,1752977284,1004.182861,,,,,,,,,default,,,,,,,
iterations,1752977284,1.000000,,,,,,,,,default,,,,,,,
data_sent,1752977284,74.000000,,,,,,,,,default,,,,,,,
data_received,1752977284,230.000000,,,,,,,,,default,,,,,,,
iteration_duration,1752977284,1005.411726,,,,,,,,,default,,,,,,,
iterations,1752977284,1.000000,,,,,,,,,default,,,,,,,
data_sent,1752977284,74.000000,,,,,,,,,default,,,,,,,
data_received,1752977284,230.000000,,,,,,,,,default,,,,,,,
iteration_duration,1752977284,1005.423758,,,,,,,,,default,,,,,,,
iterations,1752977284,1.000000,,,,,,,,,default,,,,,,,
data_sent,1752977284,74.000000,,,,,,,,,default,,,,,,,
data_received,1752977284,230.000000,,,,,,,,,default,,,,,,,
iteration_duration,1752977284,1005.596854,,,,,,,,,default,,,,,,,
iterations,1752977284,1.000000,,,,,,,,,default,,,,,,,
http_reqs,1752977284,1.000000,,,,true,,GET,http://localhost:3000/ping,HTTP/1.1,default,,200,,,http://localhost:3000/ping,,
http_req_duration,1752977284,2.381587,,,,true,,GET,http://localhost:3000/ping,HTTP/1.1,default,,200,,,http://localhost:3000/ping,,
http_req_blocked,1752977284,0.012500,,,,true,,GET,http://localhost:3000/ping,HTTP/1.1,default,,200,,,http://localhost:3000/ping,,
http_req_connecting,1752977284,0.000000,,,,true,,GET,http://localhost:3000/ping,HTTP/1.1,default,,200,,,http://localhost:3000/ping,,
http_req_tls_handshaking,1752977284,0.000000,,,,true,,GET,http://localhost:3000/ping,HTTP/1.1,default,,200,,,http://localhost:3000/ping,,
http_req_sending,1752977284,0.073920,,,,true,,GET,http://localhost:3000/ping,HTTP/1.1,default,,200,,,http://localhost:3000/ping,,
http_req_waiting,1752977284,2.171080,,,,true,,GET,http://localhost:3000/ping,HTTP/1.1,default,,200,,,http://localhost:3000/ping,,
http_req_receiving,1752977284,0.136587,,,,true,,GET,http://localhost:3000/ping,HTTP/1.1,default,,200,,,http://localhost:3000/ping,,
http_req_failed,1752977284,0.000000,,,,true,,GET,http://localhost:3000/ping,HTTP/1.1,default,,200,,,http://localhost:3000/ping,,
checks,1752977284,1.000000,status is 200,,,,,,,,default,,,,,,,
data_sent,1752977284,74.000000,,,,,,,,,default,,,,,,,
data_received,1752977284,230.000000,,,,,,,,,default,,,,,,,
iteration_duration,1752977284,1005.799563,,,,,,,,,default,,,,,,,
iterations,1752977284,1.000000,,,,,,,,,default,,,,,,,
data_sent,1752977284,74.000000,,,,,,,,,default,,,,,,,
data_received,1752977284,230.000000,,,,,,,,,default,,,,,,,
iteration_duration,1752977284,1006.813006,,,,,,,,,default,,,,,,,
iterations,1752977284,1.000000,,,,,,,,,default,,,,,,,
data_sent,1752977284,74.000000,,,,,,,,,default,,,,,,,
data_received,1752977284,230.000000,,,,,,,,,default,,,,,,,
iteration_duration,1752977284,1006.864901,,,,,,,,,default,,,,,,,
iterations,1752977284,1.000000,,,,,,,,,default,,,,,,,
http_reqs,1752977284,1.000000,,,,true,,GET,http://localhost:3000/ping,HTTP/1.1,default,,200,,,http://localhost:3000/ping,,
http_req_duration,1752977284,3.576633,,,,true,,GET,http://localhost:3000/ping,HTTP/1.1,default,,200,,,http://localhost:3000/ping,,
http_req_blocked,1752977284,0.021555,,,,true,,GET,http://localhost:3000/ping,HTTP/1.1,default,,200,,,http://localhost:3000/ping,,
http_req_connecting,1752977284,0.000000,,,,true,,GET,http://localhost:3000/ping,HTTP/1.1,default,,200,,,http://localhost:3000/ping,,
http_req_tls_handshaking,1752977284,0.000000,,,,true,,GET,http://localhost:3000/ping,HTTP/1.1,default,,200,,,http://localhost:3000/ping,,
http_req_sending,1752977284,0.070728,,,,true,,GET,http://localhost:3000/ping,HTTP/1.1,default,,200,,,http://localhost:3000/ping,,
http_req_waiting,1752977284,3.375670,,,,true,,GET,http://localhost:3000/ping,HTTP/1.1,default,,200,,,http://localhost:3000/ping,,
http_req_receiving,1752977284,0.130235,,,,true,,GET,http://localhost:3000/ping,HTTP/1.1,default,,200,,,http://localhost:3000/ping,,
http_req_failed,1752977284,0.000000,,,,true,,GET,http://localhost:3000/ping,HTTP/1.1,default,,200,,,http://localhost:3000/ping,,
checks,1752977284,1.000000,status is 200,,,,,,,,default,,,,,,,
http_reqs,1752977284,1.000000,,,,true,,GET,http://localhost:3000/ping,HTTP/1.1,default,,200,,,http://localhost:3000/ping,,
http_req_duration,1752977284,3.994293,,,,true,,GET,http://localhost:3000/ping,HTTP/1.1,default,,200,,,http://localhost:3000/ping,,
http_req_blocked,1752977284,0.013155,,,,true,,GET,http://localhost:3000/ping,HTTP/1.1,default,,200,,,http://localhost:3000/ping,,
http_req_connecting,1752977284,0.000000,,,,true,,GET,http://localhost:3000/ping,HTTP/1.1,default,,200,,,http://localhost:3000/ping,,
http_req_tls_handshaking,1752977284,0.000000,,,,true,,GET,http://localhost:3000/ping,HTTP/1.1,default,,200,,,http://localhost:3000/ping,,
http_req_sending,1752977284,0.042464,,,,true,,GET,http://localhost:3000/ping,HTTP/1.1,default,,200,,,http://localhost:3000/ping,,
http_req_waiting,1752977284,3.880501,,,,true,,GET,http://localhost:3000/ping,HTTP/1.1,default,,200,,,http://localhost:3000/ping,,
http_req_receiving,1752977284,0.071328,,,,true,,GET,http://localhost:3000/ping,HTTP/1.1,default,,200,,,http://localhost:3000/ping,,
http_req_failed,1752977284,0.000000,,,,true,,GET,http://localhost:3000/ping,HTTP/1.1,default,,200,,,http://localhost:3000/ping,,
checks,1752977284,1.000000,status is 200,,,,,,,,default,,,,,,,
http_reqs,1752977284,1.000000,,,,true,,GET,http://localhost:3000/ping,HTTP/1.1,default,,200,,,http://localhost:3000/ping,,
http_req_duration,1752977284,5.171429,,,,true,,GET,http://localhost:3000/ping,HTTP/1.1,default,,200,,,http://localhost:3000/ping,,
http_req_blocked,1752977284,0.009072,,,,true,,GET,http://localhost:3000/ping,HTTP/1.1,default,,200,,,http://localhost:3000/ping,,
http_req_connecting,1752977284,0.000000,,,,true,,GET,http://localhost:3000/ping,HTTP/1.1,default,,200,,,http://localhost:3000/ping,,
http_req_tls_handshaking,1752977284,0.000000,,,,true,,GET,http://localhost:3000/ping,HTTP/1.1,default,,200,,,http://localhost:3000/ping,,
http_req_sending,1752977284,0.031146,,,,true,,GET,http://localhost:3000/ping,HTTP/1.1,default,,200,,,http://localhost:3000/ping,,
http_req_waiting,1752977284,5.034924,,,,true,,GET,http://localhost:3000/ping,HTTP/1.1,default,,200,,,http://localhost:3000/ping,,
http_req_receiving,1752977284,0.105359,,,,true,,GET,http://localhost:3000/ping,HTTP/1.1,default,,200,,,http://localhost:3000/ping,,
http_req_failed,1752977284,0.000000,,,,true,,GET,http://localhost:3000/ping,HTTP/1.1,default,,200,,,http://localhost:3000/ping,,
checks,1752977284,1.000000,status is 200,,,,,,,,default,,,,,,,
http_reqs,1752977284,1.000000,,,,true,,GET,http://localhost:3000/ping,HTTP/1.1,default,,200,,,http://localhost:3000/ping,,
http_req_duration,1752977284,5.341288,,,,true,,GET,http://localhost:3000/ping,HTTP/1.1,default,,200,,,http://localhost:3000/ping,,
http_req_blocked,1752977284,0.011465,,,,true,,GET,http://localhost:3000/ping,HTTP/1.1,default,,200,,,http://localhost:3000/ping,,
http_req_connecting,1752977284,0.000000,,,,true,,GET,http://localhost:3000/ping,HTTP/1.1,default,,200,,,http://localhost:3000/ping,,
http_req_tls_handshaking,1752977284,0.000000,,,,true,,GET,http://localhost:3000/ping,HTTP/1.1,default,,200,,,http://localhost:3000/ping,,
http_req_sending,1752977284,0.036953,,,,true,,GET,http://localhost:3000/ping,HTTP/1.1,default,,200,,,http://localhost:3000/ping,,
http_req_waiting,1752977284,5.197395,,,,true,,GET,http://localhost:3000/ping,HTTP/1.1,default,,200,,,http://localhost:3000/ping,,
http_req_receiving,1752977284,0.106940,,,,true,,GET,http://localhost:3000/ping,HTTP/1.1,default,,200,,,http://localhost:3000/ping,,
http_req_failed,1752977284,0.000000,,,,true,,GET,http://localhost:3000/ping,HTTP/1.1,default,,200,,,http://localhost:3000/ping,,
checks,1752977284,1.000000,status is 200,,,,,,,,default,,,,,,,
http_reqs,1752977284,1.000000,,,,true,,GET,http://localhost:3000/ping,HTTP/1.1,default,,200,,,http://localhost:3000/ping,,
http_req_duration,1752977284,6.240760,,,,true,,GET,http://localhost:3000/ping,HTTP/1.1,default,,200,,,http://localhost:3000/ping,,
http_req_blocked,1752977284,0.011226,,,,true,,GET,http://localhost:3000/ping,HTTP/1.1,default,,200,,,http://localhost:3000/ping,,
http_req_connecting,1752977284,0.000000,,,,true,,GET,http://localhost:3000/ping,HTTP/1.1,default,,200,,,http://localhost:3000/ping,,
http_req_tls_handshaking,1752977284,0.000000,,,,true,,GET,http://localhost:3000/ping,HTTP/1.1,default,,200,,,http://localhost:3000/ping,,
http_req_sending,1752977284,0.033393,,,,true,,GET,http://localhost:3000/ping,HTTP/1.1,default,,200,,,http://localhost:3000/ping,,
http_req_waiting,1752977284,6.123711,,,,true,,GET,http://localhost:3000/ping,HTTP/1.1,default,,200,,,http://localhost:3000/ping,,
http_req_receiving,1752977284,0.083656,,,,true,,GET,http://localhost:3000/ping,HTTP/1.1,default,,200,,,http://localhost:3000/ping,,
http_req_failed,1752977284,0.000000,,,,true,,GET,http://localhost:3000/ping,HTTP/1.1,default,,200,,,http://localhost:3000/ping,,
checks,1752977284,1.000000,status is 200,,,,,,,,default,,,,,,,
http_reqs,1752977284,1.000000,,,,true,,GET,http://localhost:3000/ping,HTTP/1.1,default,,200,,,http://localhost:3000/ping,,
http_req_duration,1752977284,7.301455,,,,true,,GET,http://localhost:3000/ping,HTTP/1.1,default,,200,,,http://localhost:3000/ping,,
http_req_blocked,1752977284,0.012847,,,,true,,GET,http://localhost:3000/ping,HTTP/1.1,default,,200,,,http://localhost:3000/ping,,
http_req_connecting,1752977284,0.000000,,,,true,,GET,http://localhost:3000/ping,HTTP/1.1,default,,200,,,http://localhost:3000/ping,,
http_req_tls_handshaking,1752977284,0.000000,,,,true,,GET,http://localhost:3000/ping,HTTP/1.1,default,,200,,,http://localhost:3000/ping,,
http_req_sending,1752977284,0.041624,,,,true,,GET,http://localhost:3000/ping,HTTP/1.1,default,,200,,,http://localhost:3000/ping,,
http_req_waiting,1752977284,7.175266,,,,true,,GET,http://localhost:3000/ping,HTTP/1.1,default,,200,,,http://localhost:3000/ping,,
http_req_receiving,1752977284,0.084565,,,,true,,GET,http://localhost:3000/ping,HTTP/1.1,default,,200,,,http://localhost:3000/ping,,
http_req_failed,1752977284,0.000000,,,,true,,GET,http://localhost:3000/ping,HTTP/1.1,default,,200,,,http://localhost:3000/ping,,
checks,1752977284,1.000000,status is 200,,,,,,,,default,,,,,,,
http_reqs,1752977284,1.000000,,,,true,,GET,http://localhost:3000/ping,HTTP/1.1,default,,200,,,http://localhost:3000/ping,,
http_req_duration,1752977284,8.305782,,,,true,,GET,http://localhost:3000/ping,HTTP/1.1,default,,200,,,http://localhost:3000/ping,,
http_req_blocked,1752977284,0.008026,,,,true,,GET,http://localhost:3000/ping,HTTP/1.1,default,,200,,,http://localhost:3000/ping,,
http_req_connecting,1752977284,0.000000,,,,true,,GET,http://localhost:3000/ping,HTTP/1.1,default,,200,,,http://localhost:3000/ping,,
http_req_tls_handshaking,1752977284,0.000000,,,,true,,GET,http://localhost:3000/ping,HTTP/1.1,default,,200,,,http://localhost:3000/ping,,
http_req_sending,1752977284,0.026376,,,,true,,GET,http://localhost:3000/ping,HTTP/1.1,default,,200,,,http://localhost:3000/ping,,
http_req_waiting,1752977284,8.172280,,,,true,,GET,http://localhost:3000/ping,HTTP/1.1,default,,200,,,http://localhost:3000/ping,,
http_req_receiving,1752977284,0.107126,,,,true,,GET,http://localhost:3000/ping,HTTP/1.1,default,,200,,,http://localhost:3000/ping,,
http_req_failed,1752977284,0.000000,,,,true,,GET,http://localhost:3000/ping,HTTP/1.1,default,,200,,,http://localhost:3000/ping,,
checks,1752977284,1.000000,status is 200,,,,,,,,default,,,,,,,
http_reqs,1752977284,1.000000,,,,true,,GET,http://localhost:3000/ping,HTTP/1.1,default,,200,,,http://localhost:3000/ping,,
http_req_duration,1752977284,8.864712,,,,true,,GET,http://localhost:3000/ping,HTTP/1.1,default,,200,,,http://localhost:3000/ping,,
http_req_blocked,1752977284,0.005178,,,,true,,GET,http://localhost:3000/ping,HTTP/1.1,default,,200,,,http://localhost:3000/ping,,
http_req_connecting,1752977284,0.000000,,,,true,,GET,http://localhost:3000/ping,HTTP/1.1,default,,200,,,http://localhost:3000/ping,,
http_req_tls_handshaking,1752977284,0.000000,,,,true,,GET,http://localhost:3000/ping,HTTP/1.1,default,,200,,,http://localhost:3000/ping,,
http_req_sending,1752977284,0.012048,,,,true,,GET,http://localhost:3000/ping,HTTP/1.1,default,,200,,,http://localhost:3000/ping,,
http_req_waiting,1752977284,8.740814,,,,true,,GET,http://localhost:3000/ping,HTTP/1.1,default,,200,,,http://localhost:3000/ping,,
http_req_receiving,1752977284,0.111850,,,,true,,GET,http://localhost:3000/ping,HTTP/1.1,default,,200,,,http://localhost:3000/ping,,
http_req_failed,1752977284,0.000000,,,,true,,GET,http://localhost:3000/ping,HTTP/1.1,default,,200,,,http://localhost:3000/ping,,
checks,1752977284,1.000000,status is 200,,,,,,,,default,,,,,,,
http_reqs,1752977284,1.000000,,,,true,,GET,http://localhost:3000/ping,HTTP/1.1,default,,200,,,http://localhost:3000/ping,,
http_req_duration,1752977284,9.979001,,,,true,,GET,http://localhost:3000/ping,HTTP/1.1,default,,200,,,http://localhost:3000/ping,,
http_req_blocked,1752977284,0.010371,,,,true,,GET,http://localhost:3000/ping,HTTP/1.1,default,,200,,,http://localhost:3000/ping,,
http_req_connecting,1752977284,0.000000,,,,true,,GET,http://localhost:3000/ping,HTTP/1.1,default,,200,,,http://localhost:3000/ping,,
http_req_tls_handshaking,1752977284,0.000000,,,,true,,GET,http://localhost:3000/ping,HTTP/1.1,default,,200,,,http://localhost:3000/ping,,
http_req_sending,1752977284,0.037018,,,,true,,GET,http://localhost:3000/ping,HTTP/1.1,default,,200,,,http://localhost:3000/ping,,
http_req_waiting,1752977284,9.848844,,,,true,,GET,http://localhost:3000/ping,HTTP/1.1,default,,200,,,http://localhost:3000/ping,,
http_req_receiving,1752977284,0.093139,,,,true,,GET,http://localhost:3000/ping,HTTP/1.1,default,,200,,,http://localhost:3000/ping,,
http_req_failed,1752977284,0.000000,,,,true,,GET,http://localhost:3000/ping,HTTP/1.1,default,,200,,,http://localhost:3000/ping,,
checks,1752977284,1.000000,status is 200,,,,,,,,default,,,,,,,
vus,1752977285,10.000000,,,,,,,,,,,,,,,,
vus_max,1752977285,10.000000,,,,,,,,,,,,,,,,
data_sent,1752977285,74.000000,,,,,,,,,default,,,,,,,
data_received,1752977285,230.000000,,,,,,,,,default,,,,,,,
iteration_duration,1752977285,1002.856966,,,,,,,,,default,,,,,,,
iterations,1752977285,1.000000,,,,,,,,,default,,,,,,,
http_reqs,1752977285,1.000000,,,,true,,GET,http://localhost:3000/ping,HTTP/1.1,default,,200,,,http://localhost:3000/ping,,
http_req_duration,1752977285,1.880584,,,,true,,GET,http://localhost:3000/ping,HTTP/1.1,default,,200,,,http://localhost:3000/ping,,
http_req_blocked,1752977285,0.010575,,,,true,,GET,http://localhost:3000/ping,HTTP/1.1,default,,200,,,http://localhost:3000/ping,,
http_req_connecting,1752977285,0.000000,,,,true,,GET,http://localhost:3000/ping,HTTP/1.1,default,,200,,,http://localhost:3000/ping,,
http_req_tls_handshaking,1752977285,0.000000,,,,true,,GET,http://localhost:3000/ping,HTTP/1.1,default,,200,,,http://localhost:3000/ping,,
http_req_sending,1752977285,0.028164,,,,true,,GET,http://localhost:3000/ping,HTTP/1.1,default,,200,,,http://localhost:3000/ping,,
http_req_waiting,1752977285,1.755519,,,,true,,GET,http://localhost:3000/ping,HTTP/1.1,default,,200,,,http://localhost:3000/ping,,
http_req_receiving,1752977285,0.096901,,,,true,,GET,http://localhost:3000/ping,HTTP/1.1,default,,200,,,http://localhost:3000/ping,,
http_req_failed,1752977285,0.000000,,,,true,,GET,http://localhost:3000/ping,HTTP/1.1,default,,200,,,http://localhost:3000/ping,,
data_sent,1752977285,74.000000,,,,,,,,,default,,,,,,,
data_received,1752977285,230.000000,,,,,,,,,default,,,,,,,
iteration_duration,1752977285,1004.626931,,,,,,,,,default,,,,,,,
iterations,1752977285,1.000000,,,,,,,,,default,,,,,,,
checks,1752977285,1.000000,status is 200,,,,,,,,default,,,,,,,
data_sent,1752977285,74.000000,,,,,,,,,default,,,,,,,
data_received,1752977285,230.000000,,,,,,,,,default,,,,,,,
iteration_duration,1752977285,1005.463051,,,,,,,,,default,,,,,,,
iterations,1752977285,1.000000,,,,,,,,,default,,,,,,,
http_reqs,1752977285,1.000000,,,,true,,GET,http://localhost:3000/ping,HTTP/1.1,default,,200,,,http://localhost:3000/ping,,
http_req_duration,1752977285,1.633799,,,,true,,GET,http://localhost:3000/ping,HTTP/1.1,default,,200,,,http://localhost:3000/ping,,
http_req_blocked,1752977285,0.009710,,,,true,,GET,http://localhost:3000/ping,HTTP/1.1,default,,200,,,http://localhost:3000/ping,,
http_req_connecting,1752977285,0.000000,,,,true,,GET,http://localhost:3000/ping,HTTP/1.1,default,,200,,,http://localhost:3000/ping,,
http_req_tls_handshaking,1752977285,0.000000,,,,true,,GET,http://localhost:3000/ping,HTTP/1.1,default,,200,,,http://localhost:3000/ping,,
http_req_sending,1752977285,0.052188,,,,true,,GET,http://localhost:3000/ping,HTTP/1.1,default,,200,,,http://localhost:3000/ping,,
http_req_waiting,1752977285,1.311181,,,,true,,GET,http://localhost:3000/ping,HTTP/1.1,default,,200,,,http://localhost:3000/ping,,
http_req_receiving,1752977285,0.270430,,,,true,,GET,http://localhost:3000/ping,HTTP/1.1,default,,200,,,http://localhost:3000/ping,,
http_req_failed,1752977285,0.000000,,,,true,,GET,http://localhost:3000/ping,HTTP/1.1,default,,200,,,http://localhost:3000/ping,,
checks,1752977285,1.000000,status is 200,,,,,,,,default,,,,,,,
data_sent,1752977285,74.000000,,,,,,,,,default,,,,,,,
data_received,1752977285,230.000000,,,,,,,,,default,,,,,,,
iteration_duration,1752977285,1005.689405,,,,,,,,,default,,,,,,,
iterations,1752977285,1.000000,,,,,,,,,default,,,,,,,
data_sent,1752977285,74.000000,,,,,,,,,default,,,,,,,
data_received,1752977285,230.000000,,,,,,,,,default,,,,,,,
iteration_duration,1752977285,1006.830141,,,,,,,,,default,,,,,,,
iterations,1752977285,1.000000,,,,,,,,,default,,,,,,,
http_reqs,1752977285,1.000000,,,,true,,GET,http://localhost:3000/ping,HTTP/1.1,default,,200,,,http://localhost:3000/ping,,
http_req_duration,1752977285,2.826351,,,,true,,GET,http://localhost:3000/ping,HTTP/1.1,default,,200,,,http://localhost:3000/ping,,
http_req_blocked,1752977285,0.007195,,,,true,,GET,http://localhost:3000/ping,HTTP/1.1,default,,200,,,http://localhost:3000/ping,,
http_req_connecting,1752977285,0.000000,,,,true,,GET,http://localhost:3000/ping,HTTP/1.1,default,,200,,,http://localhost:3000/ping,,
http_req_tls_handshaking,1752977285,0.000000,,,,true,,GET,http://localhost:3000/ping,HTTP/1.1,default,,200,,,http://localhost:3000/ping,,
http_req_sending,1752977285,0.020938,,,,true,,GET,http://localhost:3000/ping,HTTP/1.1,default,,200,,,http://localhost:3000/ping,,
http_req_waiting,1752977285,2.749996,,,,true,,GET,http://localhost:3000/ping,HTTP/1.1,default,,200,,,http://localhost:3000/ping,,
http_req_receiving,1752977285,0.055417,,,,true,,GET,http://localhost:3000/ping,HTTP/1.1,default,,200,,,http://localhost:3000/ping,,
http_req_failed,1752977285,0.000000,,,,true,,GET,http://localhost:3000/ping,HTTP/1.1,default,,200,,,http://localhost:3000/ping,,
checks,1752977285,1.000000,status is 200,,,,,,,,default,,,,,,,
data_sent,1752977285,74.000000,,,,,,,,,default,,,,,,,
data_received,1752977285,230.000000,,,,,,,,,default,,,,,,,
iteration_duration,1752977285,1007.137359,,,,,,,,,default,,,,,,,
iterations,1752977285,1.000000,,,,,,,,,default,,,,,,,
http_reqs,1752977285,1.000000,,,,true,,GET,http://localhost:3000/ping,HTTP/1.1,default,,200,,,http://localhost:3000/ping,,
http_req_duration,1752977285,2.846836,,,,true,,GET,http://localhost:3000/ping,HTTP/1.1,default,,200,,,http://localhost:3000/ping,,
http_req_blocked,1752977285,0.004917,,,,true,,GET,http://localhost:3000/ping,HTTP/1.1,default,,200,,,http://localhost:3000/ping,,
http_req_connecting,1752977285,0.000000,,,,true,,GET,http://localhost:3000/ping,HTTP/1.1,default,,200,,,http://localhost:3000/ping,,
http_req_tls_handshaking,1752977285,0.000000,,,,true,,GET,http://localhost:3000/ping,HTTP/1.1,default,,200,,,http://localhost:3000/ping,,
http_req_sending,1752977285,0.012686,,,,true,,GET,http://localhost:3000/ping,HTTP/1.1,default,,200,,,http://localhost:3000/ping,,
http_req_waiting,1752977285,2.791120,,,,true,,GET,http://localhost:3000/ping,HTTP/1.1,default,,200,,,http://localhost:3000/ping,,
http_req_receiving,1752977285,0.043030,,,,true,,GET,http://localhost:3000/ping,HTTP/1.1,default,,200,,,http://localhost:3000/ping,,
http_req_failed,1752977285,0.000000,,,,true,,GET,http://localhost:3000/ping,HTTP/1.1,default,,200,,,http://localhost:3000/ping,,
checks,1752977285,1.000000,status is 200,,,,,,,,default,,,,,,,
http_reqs,1752977285,1.000000,,,,true,,GET,http://localhost:3000/ping,HTTP/1.1,default,,200,,,http://localhost:3000/ping,,
http_req_duration,1752977285,2.993899,,,,true,,GET,http://localhost:3000/ping,HTTP/1.1,default,,200,,,http://localhost:3000/ping,,
http_req_blocked,1752977285,0.007448,,,,true,,GET,http://localhost:3000/ping,HTTP/1.1,default,,200,,,http://localhost:3000/ping,,
http_req_connecting,1752977285,0.000000,,,,true,,GET,http://localhost:3000/ping,HTTP/1.1,default,,200,,,http://localhost:3000/ping,,
http_req_tls_handshaking,1752977285,0.000000,,,,true,,GET,http://localhost:3000/ping,HTTP/1.1,default,,200,,,http://localhost:3000/ping,,
http_req_sending,1752977285,0.020665,,,,true,,GET,http://localhost:3000/ping,HTTP/1.1,default,,200,,,http://localhost:3000/ping,,
http_req_waiting,1752977285,2.877652,,,,true,,GET,http://localhost:3000/ping,HTTP/1.1,default,,200,,,http://localhost:3000/ping,,
http_req_receiving,1752977285,0.095582,,,,true,,GET,http://localhost:3000/ping,HTTP/1.1,default,,200,,,http://localhost:3000/ping,,
http_req_failed,1752977285,0.000000,,,,true,,GET,http://localhost:3000/ping,HTTP/1.1,default,,200,,,http://localhost:3000/ping,,
checks,1752977285,1.000000,status is 200,,,,,,,,default,,,,,,,
data_sent,1752977285,74.000000,,,,,,,,,default,,,,,,,
data_received,1752977285,230.000000,,,,,,,,,default,,,,,,,
iteration_duration,1752977285,1009.823846,,,,,,,,,default,,,,,,,
iterations,1752977285,1.000000,,,,,,,,,default,,,,,,,
data_sent,1752977285,74.000000,,,,,,,,,default,,,,,,,
data_received,1752977285,230.000000,,,,,,,,,default,,,,,,,
iteration_duration,1752977285,1010.232850,,,,,,,,,default,,,,,,,
iterations,1752977285,1.000000,,,,,,,,,default,,,,,,,
data_sent,1752977285,74.000000,,,,,,,,,default,,,,,,,
data_received,1752977285,230.000000,,,,,,,,,default,,,,,,,
iteration_duration,1752977285,1009.188941,,,,,,,,,default,,,,,,,
iterations,1752977285,1.000000,,,,,,,,,default,,,,,,,
http_reqs,1752977285,1.000000,,,,true,,GET,http://localhost:3000/ping,HTTP/1.1,default,,200,,,http://localhost:3000/ping,,
http_req_duration,1752977285,3.508525,,,,true,,GET,http://localhost:3000/ping,HTTP/1.1,default,,200,,,http://localhost:3000/ping,,
http_req_blocked,1752977285,0.005257,,,,true,,GET,http://localhost:3000/ping,HTTP/1.1,default,,200,,,http://localhost:3000/ping,,
http_req_connecting,1752977285,0.000000,,,,true,,GET,http://localhost:3000/ping,HTTP/1.1,default,,200,,,http://localhost:3000/ping,,
http_req_tls_handshaking,1752977285,0.000000,,,,true,,GET,http://localhost:3000/ping,HTTP/1.1,default,,200,,,http://localhost:3000/ping,,
http_req_sending,1752977285,0.013156,,,,true,,GET,http://localhost:3000/ping,HTTP/1.1,default,,200,,,http://localhost:3000/ping,,
http_req_waiting,1752977285,3.394816,,,,true,,GET,http://localhost:3000/ping,HTTP/1.1,default,,200,,,http://localhost:3000/ping,,
http_req_receiving,1752977285,0.100553,,,,true,,GET,http://localhost:3000/ping,HTTP/1.1,default,,200,,,http://localhost:3000/ping,,
http_req_failed,1752977285,0.000000,,,,true,,GET,http://localhost:3000/ping,HTTP/1.1,default,,200,,,http://localhost:3000/ping,,
checks,1752977285,1.000000,status is 200,,,,,,,,default,,,,,,,
data_sent,1752977285,74.000000,,,,,,,,,default,,,,,,,
data_received,1752977285,230.000000,,,,,,,,,default,,,,,,,
iteration_duration,1752977285,1010.390330,,,,,,,,,default,,,,,,,
iterations,1752977285,1.000000,,,,,,,,,default,,,,,,,
http_reqs,1752977285,1.000000,,,,true,,GET,http://localhost:3000/ping,HTTP/1.1,default,,200,,,http://localhost:3000/ping,,
http_req_duration,1752977285,2.265481,,,,true,,GET,http://localhost:3000/ping,HTTP/1.1,default,,200,,,http://localhost:3000/ping,,
http_req_blocked,1752977285,0.006560,,,,true,,GET,http://localhost:3000/ping,HTTP/1.1,default,,200,,,http://localhost:3000/ping,,
http_req_connecting,1752977285,0.000000,,,,true,,GET,http://localhost:3000/ping,HTTP/1.1,default,,200,,,http://localhost:3000/ping,,
http_req_tls_handshaking,1752977285,0.000000,,,,true,,GET,http://localhost:3000/ping,HTTP/1.1,default,,200,,,http://localhost:3000/ping,,
http_req_sending,1752977285,0.019630,,,,true,,GET,http://localhost:3000/ping,HTTP/1.1,default,,200,,,http://localhost:3000/ping,,
http_req_waiting,1752977285,2.113002,,,,true,,GET,http://localhost:3000/ping,HTTP/1.1,default,,200,,,http://localhost:3000/ping,,
http_req_receiving,1752977285,0.132849,,,,true,,GET,http://localhost:3000/ping,HTTP/1.1,default,,200,,,http://localhost:3000/ping,,
http_req_failed,1752977285,0.000000,,,,true,,GET,http://localhost:3000/ping,HTTP/1.1,default,,200,,,http://localhost:3000/ping,,
checks,1752977285,1.000000,status is 200,,,,,,,,default,,,,,,,
http_reqs,1752977285,1.000000,,,,true,,GET,http://localhost:3000/ping,HTTP/1.1,default,,200,,,http://localhost:3000/ping,,
http_req_duration,1752977285,3.741896,,,,true,,GET,http://localhost:3000/ping,HTTP/1.1,default,,200,,,http://localhost:3000/ping,,
http_req_blocked,1752977285,0.004708,,,,true,,GET,http://localhost:3000/ping,HTTP/1.1,default,,200,,,http://localhost:3000/ping,,
http_req_connecting,1752977285,0.000000,,,,true,,GET,http://localhost:3000/ping,HTTP/1.1,default,,200,,,http://localhost:3000/ping,,
http_req_tls_handshaking,1752977285,0.000000,,,,true,,GET,http://localhost:3000/ping,HTTP/1.1,default,,200,,,http://localhost:3000/ping,,
http_req_sending,1752977285,0.012073,,,,true,,GET,http://localhost:3000/ping,HTTP/1.1,default,,200,,,http://localhost:3000/ping,,
http_req_waiting,1752977285,3.642081,,,,true,,GET,http://localhost:3000/ping,HTTP/1.1,default,,200,,,http://localhost:3000/ping,,
http_req_receiving,1752977285,0.087742,,,,true,,GET,http://localhost:3000/ping,HTTP/1.1,default,,200,,,http://localhost:3000/ping,,
http_req_failed,1752977285,0.000000,,,,true,,GET,http://localhost:3000/ping,HTTP/1.1,default,,200,,,http://localhost:3000/ping,,
checks,1752977285,1.000000,status is 200,,,,,,,,default,,,,,,,
http_reqs,1752977285,1.000000,,,,true,,GET,http://localhost:3000/ping,HTTP/1.1,default,,200,,,http://localhost:3000/ping,,
http_req_duration,1752977285,5.733529,,,,true,,GET,http://localhost:3000/ping,HTTP/1.1,default,,200,,,http://localhost:3000/ping,,
http_req_blocked,1752977285,0.004386,,,,true,,GET,http://localhost:3000/ping,HTTP/1.1,default,,200,,,http://localhost:3000/ping,,
http_req_connecting,1752977285,0.000000,,,,true,,GET,http://localhost:3000/ping,HTTP/1.1,default,,200,,,http://localhost:3000/ping,,
http_req_tls_handshaking,1752977285,0.000000,,,,true,,GET,http://localhost:3000/ping,HTTP/1.1,default,,200,,,http://localhost:3000/ping,,
http_req_sending,1752977285,0.010880,,,,true,,GET,http://localhost:3000/ping,HTTP/1.1,default,,200,,,http://localhost:3000/ping,,
http_req_waiting,1752977285,5.633697,,,,true,,GET,http://localhost:3000/ping,HTTP/1.1,default,,200,,,http://localhost:3000/ping,,
http_req_receiving,1752977285,0.088952,,,,true,,GET,http://localhost:3000/ping,HTTP/1.1,default,,200,,,http://localhost:3000/ping,,
http_req_failed,1752977285,0.000000,,,,true,,GET,http://localhost:3000/ping,HTTP/1.1,default,,200,,,http://localhost:3000/ping,,
checks,1752977285,1.000000,status is 200,,,,,,,,default,,,,,,,
http_reqs,1752977285,1.000000,,,,true,,GET,http://localhost:3000/ping,HTTP/1.1,default,,200,,,http://localhost:3000/ping,,
http_req_duration,1752977285,7.024497,,,,true,,GET,http://localhost:3000/ping,HTTP/1.1,default,,200,,,http://localhost:3000/ping,,
http_req_blocked,1752977285,0.010498,,,,true,,GET,http://localhost:3000/ping,HTTP/1.1,default,,200,,,http://localhost:3000/ping,,
http_req_connecting,1752977285,0.000000,,,,true,,GET,http://localhost:3000/ping,HTTP/1.1,default,,200,,,http://localhost:3000/ping,,
http_req_tls_handshaking,1752977285,0.000000,,,,true,,GET,http://localhost:3000/ping,HTTP/1.1,default,,200,,,http://localhost:3000/ping,,
http_req_sending,1752977285,0.021470,,,,true,,GET,http://localhost:3000/ping,HTTP/1.1,default,,200,,,http://localhost:3000/ping,,
http_req_waiting,1752977285,6.631065,,,,true,,GET,http://localhost:3000/ping,HTTP/1.1,default,,200,,,http://localhost:3000/ping,,
http_req_receiving,1752977285,0.371962,,,,true,,GET,http://localhost:3000/ping,HTTP/1.1,default,,200,,,http://localhost:3000/ping,,
http_req_failed,1752977285,0.000000,,,,true,,GET,http://localhost:3000/ping,HTTP/1.1,default,,200,,,http://localhost:3000/ping,,
checks,1752977285,1.000000,status is 200,,,,,,,,default,,,,,,,
vus,1752977286,10.000000,,,,,,,,,,,,,,,,
vus_max,1752977286,10.000000,,,,,,,,,,,,,,,,
data_sent,1752977286,74.000000,,,,,,,,,default,,,,,,,
data_received,1752977286,230.000000,,,,,,,,,default,,,,,,,
iteration_duration,1752977286,1002.840989,,,,,,,,,default,,,,,,,
iterations,1752977286,1.000000,,,,,,,,,default,,,,,,,
http_reqs,1752977286,1.000000,,,,true,,GET,http://localhost:3000/ping,HTTP/1.1,default,,200,,,http://localhost:3000/ping,,
http_req_duration,1752977286,0.863294,,,,true,,GET,http://localhost:3000/ping,HTTP/1.1,default,,200,,,http://localhost:3000/ping,,
http_req_blocked,1752977286,0.006631,,,,true,,GET,http://localhost:3000/ping,HTTP/1.1,default,,200,,,http://localhost:3000/ping,,
http_req_connecting,1752977286,0.000000,,,,true,,GET,http://localhost:3000/ping,HTTP/1.1,default,,200,,,http://localhost:3000/ping,,
http_req_tls_handshaking,1752977286,0.000000,,,,true,,GET,http://localhost:3000/ping,HTTP/1.1,default,,200,,,http://localhost:3000/ping,,
http_req_sending,1752977286,0.022525,,,,true,,GET,http://localhost:3000/ping,HTTP/1.1,default,,200,,,http://localhost:3000/ping,,
http_req_waiting,1752977286,0.766720,,,,true,,GET,http://localhost:3000/ping,HTTP/1.1,default,,200,,,http://localhost:3000/ping,,
http_req_receiving,1752977286,0.074049,,,,true,,GET,http://localhost:3000/ping,HTTP/1.1,default,,200,,,http://localhost:3000/ping,,
http_req_failed,1752977286,0.000000,,,,true,,GET,http://localhost:3000/ping,HTTP/1.1,default,,200,,,http://localhost:3000/ping,,
checks,1752977286,1.000000,status is 200,,,,,,,,default,,,,,,,
data_sent,1752977286,74.000000,,,,,,,,,default,,,,,,,
data_received,1752977286,230.000000,,,,,,,,,default,,,,,,,
iteration_duration,1752977286,1002.782801,,,,,,,,,default,,,,,,,
iterations,1752977286,1.000000,,,,,,,,,default,,,,,,,
http_reqs,1752977286,1.000000,,,,true,,GET,http://localhost:3000/ping,HTTP/1.1,default,,200,,,http://localhost:3000/ping,,
http_req_duration,1752977286,0.730923,,,,true,,GET,http://localhost:3000/ping,HTTP/1.1,default,,200,,,http://localhost:3000/ping,,
http_req_blocked,1752977286,0.004844,,,,true,,GET,http://localhost:3000/ping,HTTP/1.1,default,,200,,,http://localhost:3000/ping,,
http_req_connecting,1752977286,0.000000,,,,true,,GET,http://localhost:3000/ping,HTTP/1.1,default,,200,,,http://localhost:3000/ping,,
http_req_tls_handshaking,1752977286,0.000000,,,,true,,GET,http://localhost:3000/ping,HTTP/1.1,default,,200,,,http://localhost:3000/ping,,
http_req_sending,1752977286,0.012244,,,,true,,GET,http://localhost:3000/ping,HTTP/1.1,default,,200,,,http://localhost:3000/ping,,
http_req_waiting,1752977286,0.653465,,,,true,,GET,http://localhost:3000/ping,HTTP/1.1,default,,200,,,http://localhost:3000/ping,,
http_req_receiving,1752977286,0.065214,,,,true,,GET,http://localhost:3000/ping,HTTP/1.1,default,,200,,,http://localhost:3000/ping,,
http_req_failed,1752977286,0.000000,,,,true,,GET,http://localhost:3000/ping,HTTP/1.1,default,,200,,,http://localhost:3000/ping,,
checks,1752977286,1.000000,status is 200,,,,,,,,default,,,,,,,
data_sent,1752977286,74.000000,,,,,,,,,default,,,,,,,
data_received,1752977286,230.000000,,,,,,,,,default,,,,,,,
iteration_duration,1752977286,1003.301043,,,,,,,,,default,,,,,,,
iterations,1752977286,1.000000,,,,,,,,,default,,,,,,,
data_sent,1752977286,74.000000,,,,,,,,,default,,,,,,,
data_received,1752977286,230.000000,,,,,,,,,default,,,,,,,
iteration_duration,1752977286,1003.009866,,,,,,,,,default,,,,,,,
iterations,1752977286,1.000000,,,,,,,,,default,,,,,,,
http_reqs,1752977286,1.000000,,,,true,,GET,http://localhost:3000/ping,HTTP/1.1,default,,200,,,http://localhost:3000/ping,,
http_req_duration,1752977286,0.684039,,,,true,,GET,http://localhost:3000/ping,HTTP/1.1,default,,200,,,http://localhost:3000/ping,,
http_req_blocked,1752977286,0.006311,,,,true,,GET,http://localhost:3000/ping,HTTP/1.1,default,,200,,,http://localhost:3000/ping,,
http_req_connecting,1752977286,0.000000,,,,true,,GET,http://localhost:3000/ping,HTTP/1.1,default,,200,,,http://localhost:3000/ping,,
http_req_tls_handshaking,1752977286,0.000000,,,,true,,GET,http://localhost:3000/ping,HTTP/1.1,default,,200,,,http://localhost:3000/ping,,
http_req_sending,1752977286,0.020332,,,,true,,GET,http://localhost:3000/ping,HTTP/1.1,default,,200,,,http://localhost:3000/ping,,
http_req_waiting,1752977286,0.603328,,,,true,,GET,http://localhost:3000/ping,HTTP/1.1,default,,200,,,http://localhost:3000/ping,,
http_req_receiving,1752977286,0.060379,,,,true,,GET,http://localhost:3000/ping,HTTP/1.1,default,,200,,,http://localhost:3000/ping,,
http_req_failed,1752977286,0.000000,,,,true,,GET,http://localhost:3000/ping,HTTP/1.1,default,,200,,,http://localhost:3000/ping,,
checks,1752977286,1.000000,status is 200,,,,,,,,default,,,,,,,
http_reqs,1752977286,1.000000,,,,true,,GET,http://localhost:3000/ping,HTTP/1.1,default,,200,,,http://localhost:3000/ping,,
http_req_duration,1752977286,1.690498,,,,true,,GET,http://localhost:3000/ping,HTTP/1.1,default,,200,,,http://localhost:3000/ping,,
http_req_blocked,1752977286,0.005370,,,,true,,GET,http://localhost:3000/ping,HTTP/1.1,default,,200,,,http://localhost:3000/ping,,
http_req_connecting,1752977286,0.000000,,,,true,,GET,http://localhost:3000/ping,HTTP/1.1,default,,200,,,http://localhost:3000/ping,,
http_req_tls_handshaking,1752977286,0.000000,,,,true,,GET,http://localhost:3000/ping,HTTP/1.1,default,,200,,,http://localhost:3000/ping,,
http_req_sending,1752977286,0.012736,,,,true,,GET,http://localhost:3000/ping,HTTP/1.1,default,,200,,,http://localhost:3000/ping,,
http_req_waiting,1752977286,1.516875,,,,true,,GET,http://localhost:3000/ping,HTTP/1.1,default,,200,,,http://localhost:3000/ping,,
http_req_receiving,1752977286,0.160887,,,,true,,GET,http://localhost:3000/ping,HTTP/1.1,default,,200,,,http://localhost:3000/ping,,
http_req_failed,1752977286,0.000000,,,,true,,GET,http://localhost:3000/ping,HTTP/1.1,default,,200,,,http://localhost:3000/ping,,
checks,1752977286,1.000000,status is 200,,,,,,,,default,,,,,,,
data_sent,1752977286,74.000000,,,,,,,,,default,,,,,,,
data_received,1752977286,230.000000,,,,,,,,,default,,,,,,,
iteration_duration,1752977286,1003.491076,,,,,,,,,default,,,,,,,
iterations,1752977286,1.000000,,,,,,,,,default,,,,,,,
data_sent,1752977286,74.000000,,,,,,,,,default,,,,,,,
data_received,1752977286,230.000000,,,,,,,,,default,,,,,,,
iteration_duration,1752977286,1003.959034,,,,,,,,,default,,,,,,,
iterations,1752977286,1.000000,,,,,,,,,default,,,,,,,
http_reqs,1752977286,1.000000,,,,true,,GET,http://localhost:3000/ping,HTTP/1.1,default,,200,,,http://localhost:3000/ping,,
http_req_duration,1752977286,0.789076,,,,true,,GET,http://localhost:3000/ping,HTTP/1.1,default,,200,,,http://localhost:3000/ping,,
http_req_blocked,1752977286,0.006160,,,,true,,GET,http://localhost:3000/ping,HTTP/1.1,default,,200,,,http://localhost:3000/ping,,
http_req_connecting,1752977286,0.000000,,,,true,,GET,http://localhost:3000/ping,HTTP/1.1,default,,200,,,http://localhost:3000/ping,,
http_req_tls_handshaking,1752977286,0.000000,,,,true,,GET,http://localhost:3000/ping,HTTP/1.1,default,,200,,,http://localhost:3000/ping,,
http_req_sending,1752977286,0.016823,,,,true,,GET,http://localhost:3000/ping,HTTP/1.1,default,,200,,,http://localhost:3000/ping,,
http_req_waiting,1752977286,0.723009,,,,true,,GET,http://localhost:3000/ping,HTTP/1.1,default,,200,,,http://localhost:3000/ping,,
http_req_receiving,1752977286,0.049244,,,,true,,GET,http://localhost:3000/ping,HTTP/1.1,default,,200,,,http://localhost:3000/ping,,
http_req_failed,1752977286,0.000000,,,,true,,GET,http://localhost:3000/ping,HTTP/1.1,default,,200,,,http://localhost:3000/ping,,
checks,1752977286,1.000000,status is 200,,,,,,,,default,,,,,,,
http_reqs,1752977286,1.000000,,,,true,,GET,http://localhost:3000/ping,HTTP/1.1,default,,200,,,http://localhost:3000/ping,,
http_req_duration,1752977286,0.573496,,,,true,,GET,http://localhost:3000/ping,HTTP/1.1,default,,200,,,http://localhost:3000/ping,,
http_req_blocked,1752977286,0.004586,,,,true,,GET,http://localhost:3000/ping,HTTP/1.1,default,,200,,,http://localhost:3000/ping,,
http_req_connecting,1752977286,0.000000,,,,true,,GET,http://localhost:3000/ping,HTTP/1.1,default,,200,,,http://localhost:3000/ping,,
http_req_tls_handshaking,1752977286,0.000000,,,,true,,GET,http://localhost:3000/ping,HTTP/1.1,default,,200,,,http://localhost:3000/ping,,
http_req_sending,1752977286,0.013676,,,,true,,GET,http://localhost:3000/ping,HTTP/1.1,default,,200,,,http://localhost:3000/ping,,
http_req_waiting,1752977286,0.524813,,,,true,,GET,http://localhost:3000/ping,HTTP/1.1,default,,200,,,http://localhost:3000/ping,,
http_req_receiving,1752977286,0.035007,,,,true,,GET,http://localhost:3000/ping,HTTP/1.1,default,,200,,,http://localhost:3000/ping,,
http_req_failed,1752977286,0.000000,,,,true,,GET,http://localhost:3000/ping,HTTP/1.1,default,,200,,,http://localhost:3000/ping,,
checks,1752977286,1.000000,status is 200,,,,,,,,default,,,,,,,
data_sent,1752977286,74.000000,,,,,,,,,default,,,,,,,
data_received,1752977286,230.000000,,,,,,,,,default,,,,,,,
iteration_duration,1752977286,1002.842457,,,,,,,,,default,,,,,,,
iterations,1752977286,1.000000,,,,,,,,,default,,,,,,,
http_reqs,1752977286,1.000000,,,,true,,GET,http://localhost:3000/ping,HTTP/1.1,default,,200,,,http://localhost:3000/ping,,
http_req_duration,1752977286,0.555867,,,,true,,GET,http://localhost:3000/ping,HTTP/1.1,default,,200,,,http://localhost:3000/ping,,
http_req_blocked,1752977286,0.003447,,,,true,,GET,http://localhost:3000/ping,HTTP/1.1,default,,200,,,http://localhost:3000/ping,,
http_req_connecting,1752977286,0.000000,,,,true,,GET,http://localhost:3000/ping,HTTP/1.1,default,,200,,,http://localhost:3000/ping,,
http_req_tls_handshaking,1752977286,0.000000,,,,true,,GET,http://localhost:3000/ping,HTTP/1.1,default,,200,,,http://localhost:3000/ping,,
http_req_sending,1752977286,0.011396,,,,true,,GET,http://localhost:3000/ping,HTTP/1.1,default,,200,,,http://localhost:3000/ping,,
http_req_waiting,1752977286,0.506991,,,,true,,GET,http://localhost:3000/ping,HTTP/1.1,default,,200,,,http://localhost:3000/ping,,
http_req_receiving,1752977286,0.037480,,,,true,,GET,http://localhost:3000/ping,HTTP/1.1,default,,200,,,http://localhost:3000/ping,,
http_req_failed,1752977286,0.000000,,,,true,,GET,http://localhost:3000/ping,HTTP/1.1,default,,200,,,http://localhost:3000/ping,,
checks,1752977286,1.000000,status is 200,,,,,,,,default,,,,,,,
data_sent,1752977286,74.000000,,,,,,,,,default,,,,,,,
data_received,1752977286,230.000000,,,,,,,,,default,,,,,,,
iteration_duration,1752977286,1004.443354,,,,,,,,,default,,,,,,,
iterations,1752977286,1.000000,,,,,,,,,default,,,,,,,
http_reqs,1752977286,1.000000,,,,true,,GET,http://localhost:3000/ping,HTTP/1.1,default,,200,,,http://localhost:3000/ping,,
http_req_duration,1752977286,0.496776,,,,true,,GET,http://localhost:3000/ping,HTTP/1.1,default,,200,,,http://localhost:3000/ping,,
http_req_blocked,1752977286,0.004206,,,,true,,GET,http://localhost:3000/ping,HTTP/1.1,default,,200,,,http://localhost:3000/ping,,
http_req_connecting,1752977286,0.000000,,,,true,,GET,http://localhost:3000/ping,HTTP/1.1,default,,200,,,http://localhost:3000/ping,,
http_req_tls_handshaking,1752977286,0.000000,,,,true,,GET,http://localhost:3000/ping,HTTP/1.1,default,,200,,,http://localhost:3000/ping,,
http_req_sending,1752977286,0.012395,,,,true,,GET,http://localhost:3000/ping,HTTP/1.1,default,,200,,,http://localhost:3000/ping,,
http_req_waiting,1752977286,0.455519,,,,true,,GET,http://localhost:3000/ping,HTTP/1.1,default,,200,,,http://localhost:3000/ping,,
http_req_receiving,1752977286,0.028862,,,,true,,GET,http://localhost:3000/ping,HTTP/1.1,default,,200,,,http://localhost:3000/ping,,
http_req_failed,1752977286,0.000000,,,,true,,GET,http://localhost:3000/ping,HTTP/1.1,default,,200,,,http://localhost:3000/ping,,
checks,1752977286,1.000000,status is 200,,,,,,,,default,,,,,,,
data_sent,1752977286,74.000000,,,,,,,,,default,,,,,,,
data_received,1752977286,230.000000,,,,,,,,,default,,,,,,,
iteration_duration,1752977286,1006.002633,,,,,,,,,default,,,,,,,
iterations,1752977286,1.000000,,,,,,,,,default,,,,,,,
http_reqs,1752977286,1.000000,,,,true,,GET,http://localhost:3000/ping,HTTP/1.1,default,,200,,,http://localhost:3000/ping,,
http_req_duration,1752977286,0.470382,,,,true,,GET,http://localhost:3000/ping,HTTP/1.1,default,,200,,,http://localhost:3000/ping,,
http_req_blocked,1752977286,0.002707,,,,true,,GET,http://localhost:3000/ping,HTTP/1.1,default,,200,,,http://localhost:3000/ping,,
http_req_connecting,1752977286,0.000000,,,,true,,GET,http://localhost:3000/ping,HTTP/1.1,default,,200,,,http://localhost:3000/ping,,
http_req_tls_handshaking,1752977286,0.000000,,,,true,,GET,http://localhost:3000/ping,HTTP/1.1,default,,200,,,http://localhost:3000/ping,,
http_req_sending,1752977286,0.008403,,,,true,,GET,http://localhost:3000/ping,HTTP/1.1,default,,200,,,http://localhost:3000/ping,,
http_req_waiting,1752977286,0.434213,,,,true,,GET,http://localhost:3000/ping,HTTP/1.1,default,,200,,,http://localhost:3000/ping,,
http_req_receiving,1752977286,0.027766,,,,true,,GET,http://localhost:3000/ping,HTTP/1.1,default,,200,,,http://localhost:3000/ping,,
http_req_failed,1752977286,0.000000,,,,true,,GET,http://localhost:3000/ping,HTTP/1.1,default,,200,,,http://localhost:3000/ping,,
checks,1752977286,1.000000,status is 200,,,,,,,,default,,,,,,,
data_sent,1752977286,74.000000,,,,,,,,,default,,,,,,,
data_received,1752977286,230.000000,,,,,,,,,default,,,,,,,
iteration_duration,1752977286,1008.486080,,,,,,,,,default,,,,,,,
iterations,1752977286,1.000000,,,,,,,,,default,,,,,,,
http_reqs,1752977286,1.000000,,,,true,,GET,http://localhost:3000/ping,HTTP/1.1,default,,200,,,http://localhost:3000/ping,,
http_req_duration,1752977286,1.066015,,,,true,,GET,http://localhost:3000/ping,HTTP/1.1,default,,200,,,http://localhost:3000/ping,,
http_req_blocked,1752977286,0.008480,,,,true,,GET,http://localhost:3000/ping,HTTP/1.1,default,,200,,,http://localhost:3000/ping,,
http_req_connecting,1752977286,0.000000,,,,true,,GET,http://localhost:3000/ping,HTTP/1.1,default,,200,,,http://localhost:3000/ping,,
http_req_tls_handshaking,1752977286,0.000000,,,,true,,GET,http://localhost:3000/ping,HTTP/1.1,default,,200,,,http://localhost:3000/ping,,
http_req_sending,1752977286,0.023565,,,,true,,GET,http://localhost:3000/ping,HTTP/1.1,default,,200,,,http://localhost:3000/ping,,
http_req_waiting,1752977286,0.945054,,,,true,,GET,http://localhost:3000/ping,HTTP/1.1,default,,200,,,http://localhost:3000/ping,,
http_req_receiving,1752977286,0.097396,,,,true,,GET,http://localhost:3000/ping,HTTP/1.1,default,,200,,,http://localhost:3000/ping,,
http_req_failed,1752977286,0.000000,,,,true,,GET,http://localhost:3000/ping,HTTP/1.1,default,,200,,,http://localhost:3000/ping,,
checks,1752977286,1.000000,status is 200,,,,,,,,default,,,,,,,
vus,1752977287,10.000000,,,,,,,,,,,,,,,,
vus_max,1752977287,10.000000,,,,,,,,,,,,,,,,
data_sent,1752977287,74.000000,,,,,,,,,default,,,,,,,
data_received,1752977287,230.000000,,,,,,,,,default,,,,,,,
iteration_duration,1752977287,1001.502689,,,,,,,,,default,,,,,,,
iterations,1752977287,1.000000,,,,,,,,,default,,,,,,,
http_reqs,1752977287,1.000000,,,,true,,GET,http://localhost:3000/ping,HTTP/1.1,default,,200,,,http://localhost:3000/ping,,
http_req_duration,1752977287,1.057142,,,,true,,GET,http://localhost:3000/ping,HTTP/1.1,default,,200,,,http://localhost:3000/ping,,
http_req_blocked,1752977287,0.008857,,,,true,,GET,http://localhost:3000/ping,HTTP/1.1,default,,200,,,http://localhost:3000/ping,,
http_req_connecting,1752977287,0.000000,,,,true,,GET,http://localhost:3000/ping,HTTP/1.1,default,,200,,,http://localhost:3000/ping,,
http_req_tls_handshaking,1752977287,0.000000,,,,true,,GET,http://localhost:3000/ping,HTTP/1.1,default,,200,,,http://localhost:3000/ping,,
http_req_sending,1752977287,0.025677,,,,true,,GET,http://localhost:3000/ping,HTTP/1.1,default,,200,,,http://localhost:3000/ping,,
http_req_waiting,1752977287,0.965782,,,,true,,GET,http://localhost:3000/ping,HTTP/1.1,default,,200,,,http://localhost:3000/ping,,
http_req_receiving,1752977287,0.065683,,,,true,,GET,http://localhost:3000/ping,HTTP/1.1,default,,200,,,http://localhost:3000/ping,,
http_req_failed,1752977287,0.000000,,,,true,,GET,http://localhost:3000/ping,HTTP/1.1,default,,200,,,http://localhost:3000/ping,,
checks,1752977287,1.000000,status is 200,,,,,,,,default,,,,,,,
data_sent,1752977287,74.000000,,,,,,,,,default,,,,,,,
data_received,1752977287,230.000000,,,,,,,,,default,,,,,,,
iteration_duration,1752977287,1001.741372,,,,,,,,,default,,,,,,,
iterations,1752977287,1.000000,,,,,,,,,default,,,,,,,
data_sent,1752977287,74.000000,,,,,,,,,default,,,,,,,
data_received,1752977287,230.000000,,,,,,,,,default,,,,,,,
iteration_duration,1752977287,1000.912820,,,,,,,,,default,,,,,,,
iterations,1752977287,1.000000,,,,,,,,,default,,,,,,,
http_reqs,1752977287,1.000000,,,,true,,GET,http://localhost:3000/ping,HTTP/1.1,default,,200,,,http://localhost:3000/ping,,
http_req_duration,1752977287,1.271441,,,,true,,GET,http://localhost:3000/ping,HTTP/1.1,default,,200,,,http://localhost:3000/ping,,
http_req_blocked,1752977287,0.008687,,,,true,,GET,http://localhost:3000/ping,HTTP/1.1,default,,200,,,http://localhost:3000/ping,,
http_req_connecting,1752977287,0.000000,,,,true,,GET,http://localhost:3000/ping,HTTP/1.1,default,,200,,,http://localhost:3000/ping,,
http_req_tls_handshaking,1752977287,0.000000,,,,true,,GET,http://localhost:3000/ping,HTTP/1.1,default,,200,,,http://localhost:3000/ping,,
http_req_sending,1752977287,0.026100,,,,true,,GET,http://localhost:3000/ping,HTTP/1.1,default,,200,,,http://localhost:3000/ping,,
http_req_waiting,1752977287,1.031264,,,,true,,GET,http://localhost:3000/ping,HTTP/1.1,default,,200,,,http://localhost:3000/ping,,
http_req_receiving,1752977287,0.214077,,,,true,,GET,http://localhost:3000/ping,HTTP/1.1,default,,200,,,http://localhost:3000/ping,,
http_req_failed,1752977287,0.000000,,,,true,,GET,http://localhost:3000/ping,HTTP/1.1,default,,200,,,http://localhost:3000/ping,,
checks,1752977287,1.000000,status is 200,,,,,,,,default,,,,,,,
data_sent,1752977287,74.000000,,,,,,,,,default,,,,,,,
data_received,1752977287,230.000000,,,,,,,,,default,,,,,,,
iteration_duration,1752977287,1002.142840,,,,,,,,,default,,,,,,,
iterations,1752977287,1.000000,,,,,,,,,default,,,,,,,
http_reqs,1752977287,1.000000,,,,true,,GET,http://localhost:3000/ping,HTTP/1.1,default,,200,,,http://localhost:3000/ping,,
http_req_duration,1752977287,1.231382,,,,true,,GET,http://localhost:3000/ping,HTTP/1.1,default,,200,,,http://localhost:3000/ping,,
http_req_blocked,1752977287,0.007599,,,,true,,GET,http://localhost:3000/ping,HTTP/1.1,default,,200,,,http://localhost:3000/ping,,
http_req_connecting,1752977287,0.000000,,,,true,,GET,http://localhost:3000/ping,HTTP/1.1,default,,200,,,http://localhost:3000/ping,,
http_req_tls_handshaking,1752977287,0.000000,,,,true,,GET,http://localhost:3000/ping,HTTP/1.1,default,,200,,,http://localhost:3000/ping,,
http_req_sending,1752977287,0.023783,,,,true,,GET,http://localhost:3000/ping,HTTP/1.1,default,,200,,,http://localhost:3000/ping,,
http_req_waiting,1752977287,1.038903,,,,true,,GET,http://localhost:3000/ping,HTTP/1.1,default,,200,,,http://localhost:3000/ping,,
http_req_receiving,1752977287,0.168696,,,,true,,GET,http://localhost:3000/ping,HTTP/1.1,default,,200,,,http://localhost:3000/ping,,
http_req_failed,1752977287,0.000000,,,,true,,GET,http://localhost:3000/ping,HTTP/1.1,default,,200,,,http://localhost:3000/ping,,
checks,1752977287,1.000000,status is 200,,,,,,,,default,,,,,,,
http_reqs,1752977287,1.000000,,,,true,,GET,http://localhost:3000/ping,HTTP/1.1,default,,200,,,http://localhost:3000/ping,,
http_req_duration,1752977287,1.126068,,,,true,,GET,http://localhost:3000/ping,HTTP/1.1,default,,200,,,http://localhost:3000/ping,,
http_req_blocked,1752977287,0.010477,,,,true,,GET,http://localhost:3000/ping,HTTP/1.1,default,,200,,,http://localhost:3000/ping,,
http_req_connecting,1752977287,0.000000,,,,true,,GET,http://localhost:3000/ping,HTTP/1.1,default,,200,,,http://localhost:3000/ping,,
http_req_tls_handshaking,1752977287,0.000000,,,,true,,GET,http://localhost:3000/ping,HTTP/1.1,default,,200,,,http://localhost:3000/ping,,
http_req_sending,1752977287,0.028765,,,,true,,GET,http://localhost:3000/ping,HTTP/1.1,default,,200,,,http://localhost:3000/ping,,
http_req_waiting,1752977287,1.020663,,,,true,,GET,http://localhost:3000/ping,HTTP/1.1,default,,200,,,http://localhost:3000/ping,,
http_req_receiving,1752977287,0.076640,,,,true,,GET,http://localhost:3000/ping,HTTP/1.1,default,,200,,,http://localhost:3000/ping,,
http_req_failed,1752977287,0.000000,,,,true,,GET,http://localhost:3000/ping,HTTP/1.1,default,,200,,,http://localhost:3000/ping,,
checks,1752977287,1.000000,status is 200,,,,,,,,default,,,,,,,
data_sent,1752977287,74.000000,,,,,,,,,default,,,,,,,
data_received,1752977287,230.000000,,,,,,,,,default,,,,,,,
iteration_duration,1752977287,1000.870458,,,,,,,,,default,,,,,,,
iterations,1752977287,1.000000,,,,,,,,,default,,,,,,,
data_sent,1752977287,74.000000,,,,,,,,,default,,,,,,,
data_received,1752977287,230.000000,,,,,,,,,default,,,,,,,
iteration_duration,1752977287,1001.752991,,,,,,,,,default,,,,,,,
iterations,1752977287,1.000000,,,,,,,,,default,,,,,,,
http_reqs,1752977287,1.000000,,,,true,,GET,http://localhost:3000/ping,HTTP/1.1,default,,200,,,http://localhost:3000/ping,,
http_req_duration,1752977287,1.024319,,,,true,,GET,http://localhost:3000/ping,HTTP/1.1,default,,200,,,http://localhost:3000/ping,,
http_req_blocked,1752977287,0.007096,,,,true,,GET,http://localhost:3000/ping,HTTP/1.1,default,,200,,,http://localhost:3000/ping,,
http_req_connecting,1752977287,0.000000,,,,true,,GET,http://localhost:3000/ping,HTTP/1.1,default,,200,,,http://localhost:3000/ping,,
http_req_tls_handshaking,1752977287,0.000000,,,,true,,GET,http://localhost:3000/ping,HTTP/1.1,default,,200,,,http://localhost:3000/ping,,
http_req_sending,1752977287,0.018288,,,,true,,GET,http://localhost:3000/ping,HTTP/1.1,default,,200,,,http://localhost:3000/ping,,
http_req_waiting,1752977287,0.945900,,,,true,,GET,http://localhost:3000/ping,HTTP/1.1,default,,200,,,http://localhost:3000/ping,,
http_req_receiving,1752977287,0.060131,,,,true,,GET,http://localhost:3000/ping,HTTP/1.1,default,,200,,,http://localhost:3000/ping,,
http_req_failed,1752977287,0.000000,,,,true,,GET,http://localhost:3000/ping,HTTP/1.1,default,,200,,,http://localhost:3000/ping,,
checks,1752977287,1.000000,status is 200,,,,,,,,default,,,,,,,
data_sent,1752977287,74.000000,,,,,,,,,default,,,,,,,
data_received,1752977287,230.000000,,,,,,,,,default,,,,,,,
iteration_duration,1752977287,1001.356462,,,,,,,,,default,,,,,,,
iterations,1752977287,1.000000,,,,,,,,,default,,,,,,,
http_reqs,1752977287,1.000000,,,,true,,GET,http://localhost:3000/ping,HTTP/1.1,default,,200,,,http://localhost:3000/ping,,
http_req_duration,1752977287,2.208487,,,,true,,GET,http://localhost:3000/ping,HTTP/1.1,default,,200,,,http://localhost:3000/ping,,
http_req_blocked,1752977287,0.009590,,,,true,,GET,http://localhost:3000/ping,HTTP/1.1,default,,200,,,http://localhost:3000/ping,,
http_req_connecting,1752977287,0.000000,,,,true,,GET,http://localhost:3000/ping,HTTP/1.1,default,,200,,,http://localhost:3000/ping,,
http_req_tls_handshaking,1752977287,0.000000,,,,true,,GET,http://localhost:3000/ping,HTTP/1.1,default,,200,,,http://localhost:3000/ping,,
http_req_sending,1752977287,0.027609,,,,true,,GET,http://localhost:3000/ping,HTTP/1.1,default,,200,,,http://localhost:3000/ping,,
http_req_waiting,1752977287,2.054501,,,,true,,GET,http://localhost:3000/ping,HTTP/1.1,default,,200,,,http://localhost:3000/ping,,
http_req_receiving,1752977287,0.126377,,,,true,,GET,http://localhost:3000/ping,HTTP/1.1,default,,200,,,http://localhost:3000/ping,,
http_req_failed,1752977287,0.000000,,,,true,,GET,http://localhost:3000/ping,HTTP/1.1,default,,200,,,http://localhost:3000/ping,,
checks,1752977287,1.000000,status is 200,,,,,,,,default,,,,,,,
data_sent,1752977287,74.000000,,,,,,,,,default,,,,,,,
data_received,1752977287,230.000000,,,,,,,,,default,,,,,,,
iteration_duration,1752977287,1000.746357,,,,,,,,,default,,,,,,,
iterations,1752977287,1.000000,,,,,,,,,default,,,,,,,
http_reqs,1752977287,1.000000,,,,true,,GET,http://localhost:3000/ping,HTTP/1.1,default,,200,,,http://localhost:3000/ping,,
http_req_duration,1752977287,1.330733,,,,true,,GET,http://localhost:3000/ping,HTTP/1.1,default,,200,,,http://localhost:3000/ping,,
http_req_blocked,1752977287,0.009463,,,,true,,GET,http://localhost:3000/ping,HTTP/1.1,default,,200,,,http://localhost:3000/ping,,
http_req_connecting,1752977287,0.000000,,,,true,,GET,http://localhost:3000/ping,HTTP/1.1,default,,200,,,http://localhost:3000/ping,,
http_req_tls_handshaking,1752977287,0.000000,,,,true,,GET,http://localhost:3000/ping,HTTP/1.1,default,,200,,,http://localhost:3000/ping,,
http_req_sending,1752977287,0.020294,,,,true,,GET,http://localhost:3000/ping,HTTP/1.1,default,,200,,,http://localhost:3000/ping,,
http_req_waiting,1752977287,1.216531,,,,true,,GET,http://localhost:3000/ping,HTTP/1.1,default,,200,,,http://localhost:3000/ping,,
http_req_receiving,1752977287,0.093908,,,,true,,GET,http://localhost:3000/ping,HTTP/1.1,default,,200,,,http://localhost:3000/ping,,
http_req_failed,1752977287,0.000000,,,,true,,GET,http://localhost:3000/ping,HTTP/1.1,default,,200,,,http://localhost:3000/ping,,
checks,1752977287,1.000000,status is 200,,,,,,,,default,,,,,,,
http_reqs,1752977287,1.000000,,,,true,,GET,http://localhost:3000/ping,HTTP/1.1,default,,200,,,http://localhost:3000/ping,,
http_req_duration,1752977287,1.306120,,,,true,,GET,http://localhost:3000/ping,HTTP/1.1,default,,200,,,http://localhost:3000/ping,,
http_req_blocked,1752977287,0.007076,,,,true,,GET,http://localhost:3000/ping,HTTP/1.1,default,,200,,,http://localhost:3000/ping,,
http_req_connecting,1752977287,0.000000,,,,true,,GET,http://localhost:3000/ping,HTTP/1.1,default,,200,,,http://localhost:3000/ping,,
http_req_tls_handshaking,1752977287,0.000000,,,,true,,GET,http://localhost:3000/ping,HTTP/1.1,default,,200,,,http://localhost:3000/ping,,
http_req_sending,1752977287,0.030984,,,,true,,GET,http://localhost:3000/ping,HTTP/1.1,default,,200,,,http://localhost:3000/ping,,
http_req_waiting,1752977287,1.184005,,,,true,,GET,http://localhost:3000/ping,HTTP/1.1,default,,200,,,http://localhost:3000/ping,,
http_req_receiving,1752977287,0.091131,,,,true,,GET,http://localhost:3000/ping,HTTP/1.1,default,,200,,,http://localhost:3000/ping,,
http_req_failed,1752977287,0.000000,,,,true,,GET,http://localhost:3000/ping,HTTP/1.1,default,,200,,,http://localhost:3000/ping,,
checks,1752977287,1.000000,status is 200,,,,,,,,default,,,,,,,
data_sent,1752977287,74.000000,,,,,,,,,default,,,,,,,
data_received,1752977287,230.000000,,,,,,,,,default,,,,,,,
iteration_duration,1752977287,1000.646225,,,,,,,,,default,,,,,,,
iterations,1752977287,1.000000,,,,,,,,,default,,,,,,,
http_reqs,1752977287,1.000000,,,,true,,GET,http://localhost:3000/ping,HTTP/1.1,default,,200,,,http://localhost:3000/ping,,
http_req_duration,1752977287,1.329768,,,,true,,GET,http://localhost:3000/ping,HTTP/1.1,default,,200,,,http://localhost:3000/ping,,
http_req_blocked,1752977287,0.008240,,,,true,,GET,http://localhost:3000/ping,HTTP/1.1,default,,200,,,http://localhost:3000/ping,,
http_req_connecting,1752977287,0.000000,,,,true,,GET,http://localhost:3000/ping,HTTP/1.1,default,,200,,,http://localhost:3000/ping,,
http_req_tls_handshaking,1752977287,0.000000,,,,true,,GET,http://localhost:3000/ping,HTTP/1.1,default,,200,,,http://localhost:3000/ping,,
http_req_sending,1752977287,0.024885,,,,true,,GET,http://localhost:3000/ping,HTTP/1.1,default,,200,,,http://localhost:3000/ping,,
http_req_waiting,1752977287,1.171405,,,,true,,GET,http://localhost:3000/ping,HTTP/1.1,default,,200,,,http://localhost:3000/ping,,
http_req_receiving,1752977287,0.133478,,,,true,,GET,http://localhost:3000/ping,HTTP/1.1,default,,200,,,http://localhost:3000/ping,,
http_req_failed,1752977287,0.000000,,,,true,,GET,http://localhost:3000/ping,HTTP/1.1,default,,200,,,http://localhost:3000/ping,,
checks,1752977287,1.000000,status is 200,,,,,,,,default,,,,,,,
data_sent,1752977287,74.000000,,,,,,,,,default,,,,,,,
data_received,1752977287,230.000000,,,,,,,,,default,,,,,,,
iteration_duration,1752977287,1001.300356,,,,,,,,,default,,,,,,,
iterations,1752977287,1.000000,,,,,,,,,default,,,,,,,
http_reqs,1752977287,1.000000,,,,true,,GET,http://localhost:3000/ping,HTTP/1.1,default,,200,,,http://localhost:3000/ping,,
http_req_duration,1752977287,0.432075,,,,true,,GET,http://localhost:3000/ping,HTTP/1.1,default,,200,,,http://localhost:3000/ping,,
http_req_blocked,1752977287,0.003804,,,,true,,GET,http://localhost:3000/ping,HTTP/1.1,default,,200,,,http://localhost:3000/ping,,
http_req_connecting,1752977287,0.000000,,,,true,,GET,http://localhost:3000/ping,HTTP/1.1,default,,200,,,http://localhost:3000/ping,,
http_req_tls_handshaking,1752977287,0.000000,,,,true,,GET,http://localhost:3000/ping,HTTP/1.1,default,,200,,,http://localhost:3000/ping,,
http_req_sending,1752977287,0.009861,,,,true,,GET,http://localhost:3000/ping,HTTP/1.1,default,,200,,,http://localhost:3000/ping,,
http_req_waiting,1752977287,0.384292,,,,true,,GET,http://localhost:3000/ping,HTTP/1.1,default,,200,,,http://localhost:3000/ping,,
http_req_receiving,1752977287,0.037922,,,,true,,GET,http://localhost:3000/ping,HTTP/1.1,default,,200,,,http://localhost:3000/ping,,
http_req_failed,1752977287,0.000000,,,,true,,GET,http://localhost:3000/ping,HTTP/1.1,default,,200,,,http://localhost:3000/ping,,
checks,1752977287,1.000000,status is 200,,,,,,,,default,,,,,,,
vus,1752977288,10.000000,,,,,,,,,,,,,,,,
vus_max,1752977288,10.000000,,,,,,,,,,,,,,,,
data_sent,1752977288,74.000000,,,,,,,,,default,,,,,,,
data_received,1752977288,230.000000,,,,,,,,,default,,,,,,,
iteration_duration,1752977288,1001.927727,,,,,,,,,default,,,,,,,
iterations,1752977288,1.000000,,,,,,,,,default,,,,,,,
data_sent,1752977288,74.000000,,,,,,,,,default,,,,,,,
data_received,1752977288,230.000000,,,,,,,,,default,,,,,,,
iteration_duration,1752977288,1001.826560,,,,,,,,,default,,,,,,,
iterations,1752977288,1.000000,,,,,,,,,default,,,,,,,
data_sent,1752977288,74.000000,,,,,,,,,default,,,,,,,
data_received,1752977288,230.000000,,,,,,,,,default,,,,,,,
iteration_duration,1752977288,1001.810389,,,,,,,,,default,,,,,,,
iterations,1752977288,1.000000,,,,,,,,,default,,,,,,,
data_sent,1752977288,74.000000,,,,,,,,,default,,,,,,,
data_received,1752977288,230.000000,,,,,,,,,default,,,,,,,
iteration_duration,1752977288,1002.667205,,,,,,,,,default,,,,,,,
iterations,1752977288,1.000000,,,,,,,,,default,,,,,,,
data_sent,1752977288,74.000000,,,,,,,,,default,,,,,,,
data_received,1752977288,230.000000,,,,,,,,,default,,,,,,,
iteration_duration,1752977288,1005.079976,,,,,,,,,default,,,,,,,
iterations,1752977288,1.000000,,,,,,,,,default,,,,,,,
data_sent,1752977288,74.000000,,,,,,,,,default,,,,,,,
data_received,1752977288,230.000000,,,,,,,,,default,,,,,,,
iteration_duration,1752977288,1002.755336,,,,,,,,,default,,,,,,,
iterations,1752977288,1.000000,,,,,,,,,default,,,,,,,
data_sent,1752977288,74.000000,,,,,,,,,default,,,,,,,
data_received,1752977288,230.000000,,,,,,,,,default,,,,,,,
iteration_duration,1752977288,1001.597227,,,,,,,,,default,,,,,,,
iterations,1752977288,1.000000,,,,,,,,,default,,,,,,,
data_sent,1752977288,74.000000,,,,,,,,,default,,,,,,,
data_received,1752977288,230.000000,,,,,,,,,default,,,,,,,
iteration_duration,1752977288,1002.566132,,,,,,,,,default,,,,,,,
iterations,1752977288,1.000000,,,,,,,,,default,,,,,,,
data_sent,1752977288,74.000000,,,,,,,,,default,,,,,,,
data_received,1752977288,230.000000,,,,,,,,,default,,,,,,,
iteration_duration,1752977288,1002.196528,,,,,,,,,default,,,,,,,
iterations,1752977288,1.000000,,,,,,,,,default,,,,,,,
data_sent,1752977288,74.000000,,,,,,,,,default,,,,,,,
data_received,1752977288,230.000000,,,,,,,,,default,,,,,,,
iteration_duration,1752977288,1000.868202,,,,,,,,,default,,,,,,,
iterations,1752977288,1.000000,,,,,,,,,default,,,,,,,
